"metric","topn","val","method","spl"
"acc",1,0.982909860859044,"linear",1
"binacc",1,0.982909860859044,"linear",1
"eacc",1,0.0170901391409558,"linear",1
"ebinacc",1,0.0170901391409558,"linear",1
"nll",1,0.0721070279678244,"linear",1
"binnll",1,0.0721070279678244,"linear",1
"rps",1,0.0158784295868658,"linear",1
"cint",1,-0.189241696020776,"linear",1
"cslope",1,0.996512608170015,"linear",1
"brier",1,0.0158784295868658,"linear",1
"auc",1,0.826666208791209,"linear",1
"eauc",1,0.173333791208791,"linear",1
"qwk",1,-0.000299893430727227,"linear",1
"eqwk",1,1.00029989343073,"linear",1
"acc",2,0.983061101028433,"linear",1
"binacc",2,0.983061101028433,"linear",1
"eacc",2,0.0169388989715669,"linear",1
"ebinacc",2,0.0169388989715669,"linear",1
"nll",2,0.0732552150790147,"linear",1
"binnll",2,0.0732552150790147,"linear",1
"rps",2,0.0158588114474757,"linear",1
"cint",2,-0.219507749777097,"linear",1
"cslope",2,1.19527672944877,"linear",1
"brier",2,0.0158588114474757,"linear",1
"auc",2,0.813228021978022,"linear",1
"eauc",2,0.186771978021978,"linear",1
"qwk",2,0,"linear",1
"eqwk",2,1,"linear",1
"acc",3,0.983061101028433,"linear",1
"binacc",3,0.983061101028433,"linear",1
"eacc",3,0.0169388989715669,"linear",1
"ebinacc",3,0.0169388989715669,"linear",1
"nll",3,0.0733234580320987,"linear",1
"binnll",3,0.0733234580320987,"linear",1
"rps",3,0.0158715817933869,"linear",1
"cint",3,-0.20398420877506,"linear",1
"cslope",3,1.26527193061875,"linear",1
"brier",3,0.0158715817933869,"linear",1
"auc",3,0.816221153846154,"linear",1
"eauc",3,0.183778846153846,"linear",1
"qwk",3,0,"linear",1
"eqwk",3,1,"linear",1
"acc",4,0.983061101028433,"linear",1
"binacc",4,0.983061101028433,"linear",1
"eacc",4,0.0169388989715669,"linear",1
"ebinacc",4,0.0169388989715669,"linear",1
"nll",4,0.0738738470481482,"linear",1
"binnll",4,0.0738738470481482,"linear",1
"rps",4,0.0158930266716865,"linear",1
"cint",4,-0.236656952370948,"linear",1
"cslope",4,1.28714289054825,"linear",1
"brier",4,0.0158930266716865,"linear",1
"auc",4,0.812181318681319,"linear",1
"eauc",4,0.187818681318681,"linear",1
"qwk",4,0,"linear",1
"eqwk",4,1,"linear",1
"acc",5,0.983061101028433,"linear",1
"binacc",5,0.983061101028433,"linear",1
"eacc",5,0.0169388989715669,"linear",1
"ebinacc",5,0.0169388989715669,"linear",1
"nll",5,0.0740750159103114,"linear",1
"binnll",5,0.0740750159103114,"linear",1
"rps",5,0.0159083296171176,"linear",1
"cint",5,-0.238813924425961,"linear",1
"cslope",5,1.29134601339655,"linear",1
"brier",5,0.0159083296171176,"linear",1
"auc",5,0.810081043956044,"linear",1
"eauc",5,0.189918956043956,"linear",1
"qwk",5,0,"linear",1
"eqwk",5,1,"linear",1
"acc",1,0.982909860859044,"log-linear",1
"binacc",1,0.982909860859044,"log-linear",1
"eacc",1,0.0170901391409558,"log-linear",1
"ebinacc",1,0.0170901391409558,"log-linear",1
"nll",1,0.0721070279678244,"log-linear",1
"binnll",1,0.0721070279678244,"log-linear",1
"rps",1,0.0158784295868658,"log-linear",1
"cint",1,-0.189241696020776,"log-linear",1
"cslope",1,0.996512608170015,"log-linear",1
"brier",1,0.0158784295868658,"log-linear",1
"auc",1,0.826666208791209,"log-linear",1
"eauc",1,0.173333791208791,"log-linear",1
"qwk",1,-0.000299893430727227,"log-linear",1
"eqwk",1,1.00029989343073,"log-linear",1
"acc",2,0.983061101028433,"log-linear",1
"binacc",2,0.983061101028433,"log-linear",1
"eacc",2,0.0169388989715669,"log-linear",1
"ebinacc",2,0.0169388989715669,"log-linear",1
"nll",2,0.0732671545790205,"log-linear",1
"binnll",2,0.0732671545790205,"log-linear",1
"rps",2,0.0158629641540953,"log-linear",1
"cint",2,-0.22270571863179,"log-linear",1
"cslope",2,1.19019736662738,"log-linear",1
"brier",2,0.0158629641540953,"log-linear",1
"auc",2,0.813181318681319,"log-linear",1
"eauc",2,0.186818681318681,"log-linear",1
"qwk",2,0,"log-linear",1
"eqwk",2,1,"log-linear",1
"acc",3,0.983061101028433,"log-linear",1
"binacc",3,0.983061101028433,"log-linear",1
"eacc",3,0.0169388989715669,"log-linear",1
"ebinacc",3,0.0169388989715669,"log-linear",1
"nll",3,0.0733302228784885,"log-linear",1
"binnll",3,0.0733302228784885,"log-linear",1
"rps",3,0.0158743537912427,"log-linear",1
"cint",3,-0.207792238981833,"log-linear",1
"cslope",3,1.25815361182047,"log-linear",1
"brier",3,0.0158743537912427,"log-linear",1
"auc",3,0.816222527472527,"log-linear",1
"eauc",3,0.183777472527473,"log-linear",1
"qwk",3,0,"log-linear",1
"eqwk",3,1,"log-linear",1
"acc",4,0.983061101028433,"log-linear",1
"binacc",4,0.983061101028433,"log-linear",1
"eacc",4,0.0169388989715669,"log-linear",1
"ebinacc",4,0.0169388989715669,"log-linear",1
"nll",4,0.0738914872998246,"log-linear",1
"binnll",4,0.0738914872998246,"log-linear",1
"rps",4,0.0158990231155453,"log-linear",1
"cint",4,-0.241173446583261,"log-linear",1
"cslope",4,1.27718000878841,"log-linear",1
"brier",4,0.0158990231155453,"log-linear",1
"auc",4,0.812118131868132,"log-linear",1
"eauc",4,0.187881868131868,"log-linear",1
"qwk",4,0,"log-linear",1
"eqwk",4,1,"log-linear",1
"acc",5,0.983061101028433,"log-linear",1
"binacc",5,0.983061101028433,"log-linear",1
"eacc",5,0.0169388989715669,"log-linear",1
"ebinacc",5,0.0169388989715669,"log-linear",1
"nll",5,0.074107928974271,"log-linear",1
"binnll",5,0.074107928974271,"log-linear",1
"rps",5,0.015919844861793,"log-linear",1
"cint",5,-0.244678134871464,"log-linear",1
"cslope",5,1.27710153277888,"log-linear",1
"brier",5,0.015919844861793,"log-linear",1
"auc",5,0.810052197802198,"log-linear",1
"eauc",5,0.189947802197802,"log-linear",1
"qwk",5,0,"log-linear",1
"eqwk",5,1,"log-linear",1
"acc",1,0.982909860859044,"trafo",1
"binacc",1,0.982909860859044,"trafo",1
"eacc",1,0.0170901391409558,"trafo",1
"ebinacc",1,0.0170901391409558,"trafo",1
"nll",1,0.0721070279678244,"trafo",1
"binnll",1,0.0721070279678244,"trafo",1
"rps",1,0.0158784295868658,"trafo",1
"cint",1,-0.189241696020776,"trafo",1
"cslope",1,0.996512608170015,"trafo",1
"brier",1,0.0158784295868658,"trafo",1
"auc",1,0.826666208791209,"trafo",1
"eauc",1,0.173333791208791,"trafo",1
"qwk",1,-0.000299893430727227,"trafo",1
"eqwk",1,1.00029989343073,"trafo",1
"acc",2,0.983061101028433,"trafo",1
"binacc",2,0.983061101028433,"trafo",1
"eacc",2,0.0169388989715669,"trafo",1
"ebinacc",2,0.0169388989715669,"trafo",1
"nll",2,0.0728612020058771,"trafo",1
"binnll",2,0.0728612020058771,"trafo",1
"rps",2,0.0158538197363054,"trafo",1
"cint",2,-0.158294646218187,"trafo",1
"cslope",2,1.17179623584975,"trafo",1
"brier",2,0.0158538197363054,"trafo",1
"auc",2,0.815833791208791,"trafo",1
"eauc",2,0.184166208791209,"trafo",1
"qwk",2,0,"trafo",1
"eqwk",2,1,"trafo",1
"acc",3,0.983061101028433,"trafo",1
"binacc",3,0.983061101028433,"trafo",1
"eacc",3,0.0169388989715669,"trafo",1
"ebinacc",3,0.0169388989715669,"trafo",1
"nll",3,0.0730318821350251,"trafo",1
"binnll",3,0.0730318821350251,"trafo",1
"rps",3,0.0158728851404887,"trafo",1
"cint",3,-0.135066935046197,"trafo",1
"cslope",3,1.2415280083407,"trafo",1
"brier",3,0.0158728851404887,"trafo",1
"auc",3,0.815872252747253,"trafo",1
"eauc",3,0.184127747252747,"trafo",1
"qwk",3,0,"trafo",1
"eqwk",3,1,"trafo",1
"acc",4,0.983061101028433,"trafo",1
"binacc",4,0.983061101028433,"trafo",1
"eacc",4,0.0169388989715669,"trafo",1
"ebinacc",4,0.0169388989715669,"trafo",1
"nll",4,0.0734464105207441,"trafo",1
"binnll",4,0.0734464105207441,"trafo",1
"rps",4,0.0158801462874324,"trafo",1
"cint",4,-0.162724272679911,"trafo",1
"cslope",4,1.27819354631859,"trafo",1
"brier",4,0.0158801462874324,"trafo",1
"auc",4,0.813391483516483,"trafo",1
"eauc",4,0.186608516483517,"trafo",1
"qwk",4,0,"trafo",1
"eqwk",4,1,"trafo",1
"acc",5,0.983061101028433,"trafo",1
"binacc",5,0.983061101028433,"trafo",1
"eacc",5,0.0169388989715669,"trafo",1
"ebinacc",5,0.0169388989715669,"trafo",1
"nll",5,0.0736271806969957,"trafo",1
"binnll",5,0.0736271806969957,"trafo",1
"rps",5,0.0158905148138372,"trafo",1
"cint",5,-0.149610960287289,"trafo",1
"cslope",5,1.28479661480367,"trafo",1
"brier",5,0.0158905148138372,"trafo",1
"auc",5,0.810368131868132,"trafo",1
"eauc",5,0.189631868131868,"trafo",1
"qwk",5,0,"trafo",1
"eqwk",5,1,"trafo",1
"acc",1,0.982909860859044,"avg",1
"binacc",1,0.982909860859044,"avg",1
"eacc",1,0.0170901391409558,"avg",1
"ebinacc",1,0.0170901391409558,"avg",1
"nll",1,0.0721070279678244,"avg",1
"binnll",1,0.0721070279678244,"avg",1
"rps",1,0.0158784295868658,"avg",1
"cint",1,-0.189241696020776,"avg",1
"cslope",1,0.996512608170015,"avg",1
"brier",1,0.0158784295868658,"avg",1
"auc",1,0.826666208791209,"avg",1
"eauc",1,0.173333791208791,"avg",1
"qwk",1,-0.000299893430727227,"avg",1
"eqwk",1,1.00029989343073,"avg",1
"acc",2,0.982985480943739,"avg",1
"binacc",2,0.982985480943739,"avg",1
"eacc",2,0.0170145190562614,"avg",1
"ebinacc",2,0.0170145190562614,"avg",1
"nll",2,0.074158411283509,"avg",1
"binnll",2,0.074158411283509,"avg",1
"rps",2,0.0159620341381135,"avg",1
"cint",2,-0.219693835052729,"avg",1
"cslope",2,1.1116132524545,"avg",1
"brier",2,0.0159620341381135,"avg",1
"auc",2,0.802072802197802,"avg",1
"eauc",2,0.197927197802198,"avg",1
"qwk",2,-0.000149946715363614,"avg",1
"eqwk",2,1.00014994671536,"avg",1
"acc",3,0.98296027424884,"avg",1
"binacc",3,0.98296027424884,"avg",1
"eacc",3,0.0170397257511595,"avg",1
"ebinacc",3,0.0170397257511595,"avg",1
"nll",3,0.0744762199837118,"avg",1
"binnll",3,0.0744762199837118,"avg",1
"rps",3,0.015992882816721,"avg",1
"cint",3,-0.204475271762751,"avg",1
"cslope",3,1.14341396733739,"avg",1
"brier",3,0.015992882816721,"avg",1
"auc",3,0.801967490842491,"avg",1
"eauc",3,0.198032509157509,"avg",1
"qwk",3,-0.000199928953818151,"avg",1
"eqwk",3,1.00019992895382,"avg",1
"acc",4,0.982909860859044,"avg",1
"binacc",4,0.982909860859044,"avg",1
"eacc",4,0.0170901391409558,"avg",1
"ebinacc",4,0.0170901391409558,"avg",1
"nll",4,0.0750583795265171,"avg",1
"binnll",4,0.0750583795265171,"avg",1
"rps",4,0.0160402618343098,"avg",1
"cint",4,-0.236245906746718,"avg",1
"cslope",4,1.13859071463122,"avg",1
"brier",4,0.0160402618343098,"avg",1
"auc",4,0.797683379120879,"avg",1
"eauc",4,0.202316620879121,"avg",1
"qwk",4,-0.000298621913154717,"avg",1
"eqwk",4,1.00029862191315,"avg",1
"acc",5,0.982909860859044,"avg",1
"binacc",5,0.982909860859044,"avg",1
"eacc",5,0.0170901391409558,"avg",1
"ebinacc",5,0.0170901391409558,"avg",1
"nll",5,0.0755758685047961,"avg",1
"binnll",5,0.0755758685047961,"avg",1
"rps",5,0.0160948534515736,"avg",1
"cint",5,-0.239279072646903,"avg",1
"cslope",5,1.10084694228625,"avg",1
"brier",5,0.0160948534515736,"avg",1
"auc",5,0.790171428571429,"avg",1
"eauc",5,0.209828571428571,"avg",1
"qwk",5,-0.000298876216669219,"avg",1
"eqwk",5,1.00029887621667,"avg",1
"acc",1,0.983212341197822,"linear",2
"binacc",1,0.983212341197822,"linear",2
"eacc",1,0.0167876588021778,"linear",2
"ebinacc",1,0.0167876588021778,"linear",2
"nll",1,0.0727155062080048,"linear",2
"binnll",1,0.0727155062080048,"linear",2
"rps",1,0.015565059117553,"linear",2
"cint",1,-0.0974148313757677,"linear",2
"cslope",1,1.17225072648167,"linear",2
"brier",1,0.015565059117553,"linear",2
"auc",1,0.801049318815816,"linear",2
"eauc",1,0.198950681184184,"linear",2
"qwk",1,0,"linear",2
"eqwk",1,1,"linear",2
"acc",2,0.983212341197822,"linear",2
"binacc",2,0.983212341197822,"linear",2
"eacc",2,0.0167876588021778,"linear",2
"ebinacc",2,0.0167876588021778,"linear",2
"nll",2,0.0737527229333285,"linear",2
"binnll",2,0.0737527229333285,"linear",2
"rps",2,0.0156181300702623,"linear",2
"cint",2,-0.176454204269935,"linear",2
"cslope",2,1.2793412009095,"linear",2
"brier",2,0.0156181300702623,"linear",2
"auc",2,0.7854314859391,"linear",2
"eauc",2,0.2145685140609,"linear",2
"qwk",2,0,"linear",2
"eqwk",2,1,"linear",2
"acc",3,0.983212341197822,"linear",2
"binacc",3,0.983212341197822,"linear",2
"eacc",3,0.0167876588021778,"linear",2
"ebinacc",3,0.0167876588021778,"linear",2
"nll",3,0.0741102486195052,"linear",2
"binnll",3,0.0741102486195052,"linear",2
"rps",3,0.0156679357226229,"linear",2
"cint",3,-0.167448663278426,"linear",2
"cslope",3,1.34142718890343,"linear",2
"brier",3,0.0156679357226229,"linear",2
"auc",3,0.781656598915482,"linear",2
"eauc",3,0.218343401084518,"linear",2
"qwk",3,0,"linear",2
"eqwk",3,1,"linear",2
"acc",4,0.983212341197822,"linear",2
"binacc",4,0.983212341197822,"linear",2
"eacc",4,0.0167876588021778,"linear",2
"ebinacc",4,0.0167876588021778,"linear",2
"nll",4,0.0749448757086095,"linear",2
"binnll",4,0.0749448757086095,"linear",2
"rps",4,0.015717123778146,"linear",2
"cint",4,-0.185259294794208,"linear",2
"cslope",4,1.37218091601933,"linear",2
"brier",4,0.015717123778146,"linear",2
"auc",4,0.766952000454538,"linear",2
"eauc",4,0.233047999545462,"linear",2
"qwk",4,0,"linear",2
"eqwk",4,1,"linear",2
"acc",5,0.983212341197822,"linear",2
"binacc",5,0.983212341197822,"linear",2
"eacc",5,0.0167876588021778,"linear",2
"ebinacc",5,0.0167876588021778,"linear",2
"nll",5,0.0760481662533496,"linear",2
"binnll",5,0.0760481662533496,"linear",2
"rps",5,0.0157425455205797,"linear",2
"cint",5,-0.259748456634338,"linear",2
"cslope",5,1.38643062999155,"linear",2
"brier",5,0.0157425455205797,"linear",2
"auc",5,0.751673685683838,"linear",2
"eauc",5,0.248326314316162,"linear",2
"qwk",5,0,"linear",2
"eqwk",5,1,"linear",2
"acc",1,0.983212341197822,"log-linear",2
"binacc",1,0.983212341197822,"log-linear",2
"eacc",1,0.0167876588021778,"log-linear",2
"ebinacc",1,0.0167876588021778,"log-linear",2
"nll",1,0.0727155062080048,"log-linear",2
"binnll",1,0.0727155062080048,"log-linear",2
"rps",1,0.015565059117553,"log-linear",2
"cint",1,-0.0974148313757677,"log-linear",2
"cslope",1,1.17225072648167,"log-linear",2
"brier",1,0.015565059117553,"log-linear",2
"auc",1,0.801049318815816,"log-linear",2
"eauc",1,0.198950681184184,"log-linear",2
"qwk",1,0,"log-linear",2
"eqwk",1,1,"log-linear",2
"acc",2,0.983212341197822,"log-linear",2
"binacc",2,0.983212341197822,"log-linear",2
"eacc",2,0.0167876588021778,"log-linear",2
"ebinacc",2,0.0167876588021778,"log-linear",2
"nll",2,0.0737749120813619,"log-linear",2
"binnll",2,0.0737749120813619,"log-linear",2
"rps",2,0.0156277015067437,"log-linear",2
"cint",2,-0.178757398789785,"log-linear",2
"cslope",2,1.27106633320478,"log-linear",2
"brier",2,0.0156277015067437,"log-linear",2
"auc",2,0.785371897047024,"log-linear",2
"eauc",2,0.214628102952976,"log-linear",2
"qwk",2,0,"log-linear",2
"eqwk",2,1,"log-linear",2
"acc",3,0.983212341197822,"log-linear",2
"binacc",3,0.983212341197822,"log-linear",2
"eacc",3,0.0167876588021778,"log-linear",2
"ebinacc",3,0.0167876588021778,"log-linear",2
"nll",3,0.0741126159976303,"log-linear",2
"binnll",3,0.0741126159976303,"log-linear",2
"rps",3,0.0156707588737527,"log-linear",2
"cint",3,-0.17025924009506,"log-linear",2
"cslope",3,1.33122939625462,"log-linear",2
"brier",3,0.0156707588737527,"log-linear",2
"auc",3,0.781624725787162,"log-linear",2
"eauc",3,0.218375274212838,"log-linear",2
"qwk",3,0,"log-linear",2
"eqwk",3,1,"log-linear",2
"acc",4,0.983212341197822,"log-linear",2
"binacc",4,0.983212341197822,"log-linear",2
"eacc",4,0.0167876588021778,"log-linear",2
"ebinacc",4,0.0167876588021778,"log-linear",2
"nll",4,0.0749393673966742,"log-linear",2
"binnll",4,0.0749393673966742,"log-linear",2
"rps",4,0.0157161929549222,"log-linear",2
"cint",4,-0.187981256798788,"log-linear",2
"cslope",4,1.36241685135218,"log-linear",2
"brier",4,0.0157161929549222,"log-linear",2
"auc",4,0.766945071513599,"log-linear",2
"eauc",4,0.233054928486401,"log-linear",2
"qwk",4,0,"log-linear",2
"eqwk",4,1,"log-linear",2
"acc",5,0.983212341197822,"log-linear",2
"binacc",5,0.983212341197822,"log-linear",2
"eacc",5,0.0167876588021778,"log-linear",2
"ebinacc",5,0.0167876588021778,"log-linear",2
"nll",5,0.0760522665882764,"log-linear",2
"binnll",5,0.0760522665882764,"log-linear",2
"rps",5,0.01574153522129,"log-linear",2
"cint",5,-0.262630762691665,"log-linear",2
"cslope",5,1.37761530159819,"log-linear",2
"brier",5,0.01574153522129,"log-linear",2
"auc",5,0.751546193170559,"log-linear",2
"eauc",5,0.248453806829441,"log-linear",2
"qwk",5,0,"log-linear",2
"eqwk",5,1,"log-linear",2
"acc",1,0.983212341197822,"trafo",2
"binacc",1,0.983212341197822,"trafo",2
"eacc",1,0.0167876588021778,"trafo",2
"ebinacc",1,0.0167876588021778,"trafo",2
"nll",1,0.0727155062080048,"trafo",2
"binnll",1,0.0727155062080048,"trafo",2
"rps",1,0.015565059117553,"trafo",2
"cint",1,-0.0974148313757675,"trafo",2
"cslope",1,1.17225072648167,"trafo",2
"brier",1,0.015565059117553,"trafo",2
"auc",1,0.801049318815816,"trafo",2
"eauc",1,0.198950681184184,"trafo",2
"qwk",1,0,"trafo",2
"eqwk",1,1,"trafo",2
"acc",2,0.983212341197822,"trafo",2
"binacc",2,0.983212341197822,"trafo",2
"eacc",2,0.0167876588021778,"trafo",2
"ebinacc",2,0.0167876588021778,"trafo",2
"nll",2,0.0735354339033963,"trafo",2
"binnll",2,0.0735354339033963,"trafo",2
"rps",2,0.0156111724906028,"trafo",2
"cint",2,-0.147257087069702,"trafo",2
"cslope",2,1.28727919587575,"trafo",2
"brier",2,0.0156111724906028,"trafo",2
"auc",2,0.788232163866682,"trafo",2
"eauc",2,0.211767836133318,"trafo",2
"qwk",2,0,"trafo",2
"eqwk",2,1,"trafo",2
"acc",3,0.983212341197822,"trafo",2
"binacc",3,0.983212341197822,"trafo",2
"eacc",3,0.0167876588021778,"trafo",2
"ebinacc",3,0.0167876588021778,"trafo",2
"nll",3,0.0739850646087565,"trafo",2
"binnll",3,0.0739850646087565,"trafo",2
"rps",3,0.0156799669356585,"trafo",2
"cint",3,-0.131034249513396,"trafo",2
"cslope",3,1.35295358202918,"trafo",2
"brier",3,0.0156799669356585,"trafo",2
"auc",3,0.784041540386718,"trafo",2
"eauc",3,0.215958459613282,"trafo",2
"qwk",3,0,"trafo",2
"eqwk",3,1,"trafo",2
"acc",4,0.983212341197822,"trafo",2
"binacc",4,0.983212341197822,"trafo",2
"eacc",4,0.0167876588021778,"trafo",2
"ebinacc",4,0.0167876588021778,"trafo",2
"nll",4,0.0747582467858755,"trafo",2
"binnll",4,0.0747582467858755,"trafo",2
"rps",4,0.0157314796060239,"trafo",2
"cint",4,-0.144829652116292,"trafo",2
"cslope",4,1.37948002441078,"trafo",2
"brier",4,0.0157314796060239,"trafo",2
"auc",4,0.769953617669354,"trafo",2
"eauc",4,0.230046382330646,"trafo",2
"qwk",4,0,"trafo",2
"eqwk",4,1,"trafo",2
"acc",5,0.983212341197822,"trafo",2
"binacc",5,0.983212341197822,"trafo",2
"eacc",5,0.0167876588021778,"trafo",2
"ebinacc",5,0.0167876588021778,"trafo",2
"nll",5,0.0755045157373336,"trafo",2
"binnll",5,0.0755045157373336,"trafo",2
"rps",5,0.015739344193504,"trafo",2
"cint",5,-0.205041864545586,"trafo",2
"cslope",5,1.39208490703384,"trafo",2
"brier",5,0.015739344193504,"trafo",2
"auc",5,0.758739819653525,"trafo",2
"eauc",5,0.241260180346475,"trafo",2
"qwk",5,0,"trafo",2
"eqwk",5,1,"trafo",2
"acc",1,0.983212341197822,"avg",2
"binacc",1,0.983212341197822,"avg",2
"eacc",1,0.0167876588021778,"avg",2
"ebinacc",1,0.0167876588021778,"avg",2
"nll",1,0.0727155062080048,"avg",2
"binnll",1,0.0727155062080048,"avg",2
"rps",1,0.015565059117553,"avg",2
"cint",1,-0.0974148313757677,"avg",2
"cslope",1,1.17225072648167,"avg",2
"brier",1,0.015565059117553,"avg",2
"auc",1,0.801049318815816,"avg",2
"eauc",1,0.198950681184184,"avg",2
"qwk",1,0,"avg",2
"eqwk",1,1,"avg",2
"acc",2,0.983136721113128,"avg",2
"binacc",2,0.983136721113128,"avg",2
"eacc",2,0.0168632788868723,"avg",2
"ebinacc",2,0.0168632788868723,"avg",2
"nll",2,0.0741646825512923,"avg",2
"binnll",2,0.0741646825512923,"avg",2
"rps",2,0.0156823181638807,"avg",2
"cint",2,-0.173975098211843,"avg",2
"cslope",2,1.21044787496376,"avg",2
"brier",2,0.0156823181638807,"avg",2
"auc",2,0.781903269212914,"avg",2
"eauc",2,0.218096730787086,"avg",2
"qwk",2,-0.000149934758118753,"avg",2
"eqwk",2,1.00014993475812,"avg",2
"acc",3,0.983161927808026,"avg",2
"binacc",3,0.983161927808026,"avg",2
"eacc",3,0.0168380721919741,"avg",2
"ebinacc",3,0.0168380721919741,"avg",2
"nll",3,0.0747586899827173,"avg",2
"binnll",3,0.0747586899827173,"avg",2
"rps",3,0.0157482237198716,"avg",2
"cint",3,-0.166094856779851,"avg",2
"cslope",3,1.23468248675165,"avg",2
"brier",3,0.0157482237198716,"avg",2
"auc",3,0.774646820332099,"avg",2
"eauc",3,0.225353179667901,"avg",2
"qwk",3,-9.99565054125018e-05,"avg",2
"eqwk",3,1.00009995650541,"avg",2
"acc",4,0.983174531155475,"avg",2
"binacc",4,0.983174531155475,"avg",2
"eacc",4,0.0168254688445251,"avg",2
"ebinacc",4,0.0168254688445251,"avg",2
"nll",4,0.0756158483574235,"avg",2
"binnll",4,0.0756158483574235,"avg",2
"rps",4,0.0157976855495524,"avg",2
"cint",4,-0.183889004208733,"avg",2
"cslope",4,1.24442088804392,"avg",2
"brier",4,0.0157976855495524,"avg",2
"auc",4,0.75866983735004,"avg",2
"eauc",4,0.24133016264996,"avg",2
"qwk",4,-7.49673790593763e-05,"avg",2
"eqwk",4,1.00007496737906,"avg",2
"acc",5,0.983182093163944,"avg",2
"binacc",5,0.983182093163944,"avg",2
"eacc",5,0.0168179068360557,"avg",2
"ebinacc",5,0.0168179068360557,"avg",2
"nll",5,0.0767154049891937,"avg",2
"binnll",5,0.0767154049891937,"avg",2
"rps",5,0.0158382859614466,"avg",2
"cint",5,-0.25005267238856,"avg",2
"cslope",5,1.23509423231764,"avg",2
"brier",5,0.0158382859614466,"avg",2
"auc",5,0.747474747474748,"avg",2
"eauc",5,0.252525252525252,"avg",2
"qwk",5,-5.99739032475011e-05,"avg",2
"eqwk",5,1.00005997390325,"avg",2
"acc",1,0.981246218995765,"linear",3
"binacc",1,0.981246218995765,"linear",3
"eacc",1,0.0187537810042347,"linear",3
"ebinacc",1,0.0187537810042347,"linear",3
"nll",1,0.0793193240251079,"linear",3
"binnll",1,0.0793193240251079,"linear",3
"rps",1,0.0174056894189569,"linear",3
"cint",1,0.0369366590669842,"linear",3
"cslope",1,1.14143205774633,"linear",3
"brier",1,0.0174056894189569,"linear",3
"auc",1,0.799857283588876,"linear",3
"eauc",1,0.200142716411124,"linear",3
"qwk",1,-0.000595557725164619,"linear",3
"eqwk",1,1.00059555772516,"linear",3
"acc",2,0.981397459165154,"linear",3
"binacc",2,0.981397459165154,"linear",3
"eacc",2,0.0186025408348457,"linear",3
"ebinacc",2,0.0186025408348457,"linear",3
"nll",2,0.0790154250106557,"linear",3
"binnll",2,0.0790154250106557,"linear",3
"rps",2,0.0173199986095393,"linear",3
"cint",2,-0.0371240864956862,"linear",3
"cslope",2,1.09053540831146,"linear",3
"brier",2,0.0173199986095393,"linear",3
"auc",2,0.806592740407689,"linear",3
"eauc",2,0.193407259592311,"linear",3
"qwk",2,0.0151277356351905,"linear",3
"eqwk",2,0.984872264364809,"linear",3
"acc",3,0.981397459165154,"linear",3
"binacc",3,0.981397459165154,"linear",3
"eacc",3,0.0186025408348457,"linear",3
"ebinacc",3,0.0186025408348457,"linear",3
"nll",3,0.078850057242158,"linear",3
"binnll",3,0.078850057242158,"linear",3
"rps",3,0.0172929825307536,"linear",3
"cint",3,-0.0591059223597007,"linear",3
"cslope",3,1.20759032079597,"linear",3
"brier",3,0.0172929825307536,"linear",3
"auc",3,0.806292151860365,"linear",3
"eauc",3,0.193707848139635,"linear",3
"qwk",3,0.0151277356351905,"linear",3
"eqwk",3,0.984872264364809,"linear",3
"acc",4,0.981397459165154,"linear",3
"binacc",4,0.981397459165154,"linear",3
"eacc",4,0.0186025408348457,"linear",3
"ebinacc",4,0.0186025408348457,"linear",3
"nll",4,0.0792440328248158,"linear",3
"binnll",4,0.0792440328248158,"linear",3
"rps",4,0.0173472911464451,"linear",3
"cint",4,-0.038568375818981,"linear",3
"cslope",4,1.19207193882014,"linear",3
"brier",4,0.0173472911464451,"linear",3
"auc",4,0.80171638586476,"linear",3
"eauc",4,0.19828361413524,"linear",3
"qwk",4,0.0151277356351905,"linear",3
"eqwk",4,0.984872264364809,"linear",3
"acc",5,0.981246218995765,"linear",3
"binacc",5,0.981246218995765,"linear",3
"eacc",5,0.0187537810042347,"linear",3
"ebinacc",5,0.0187537810042347,"linear",3
"nll",5,0.0802688509036384,"linear",3
"binnll",5,0.0802688509036384,"linear",3
"rps",5,0.0173985813731504,"linear",3
"cint",5,-0.10069225697968,"linear",3
"cslope",5,1.21622962604649,"linear",3
"brier",5,0.0173985813731504,"linear",3
"auc",5,0.791145267624845,"linear",3
"eauc",5,0.208854732375155,"linear",3
"qwk",5,-0.000595557725164619,"linear",3
"eqwk",5,1.00059555772516,"linear",3
"acc",1,0.981246218995765,"log-linear",3
"binacc",1,0.981246218995765,"log-linear",3
"eacc",1,0.0187537810042347,"log-linear",3
"ebinacc",1,0.0187537810042347,"log-linear",3
"nll",1,0.0793193240251079,"log-linear",3
"binnll",1,0.0793193240251079,"log-linear",3
"rps",1,0.0174056894189569,"log-linear",3
"cint",1,0.0369366590669842,"log-linear",3
"cslope",1,1.14143205774633,"log-linear",3
"brier",1,0.0174056894189569,"log-linear",3
"auc",1,0.799857283588876,"log-linear",3
"eauc",1,0.200142716411124,"log-linear",3
"qwk",1,-0.000595557725164619,"log-linear",3
"eqwk",1,1.00059555772516,"log-linear",3
"acc",2,0.981397459165154,"log-linear",3
"binacc",2,0.981397459165154,"log-linear",3
"eacc",2,0.0186025408348457,"log-linear",3
"ebinacc",2,0.0186025408348457,"log-linear",3
"nll",2,0.07902825263823,"log-linear",3
"binnll",2,0.07902825263823,"log-linear",3
"rps",2,0.0173230658805285,"log-linear",3
"cint",2,-0.0410441378688819,"log-linear",3
"cslope",2,1.08283603388736,"log-linear",3
"brier",2,0.0173230658805285,"log-linear",3
"auc",2,0.806575058728435,"log-linear",3
"eauc",2,0.193424941271565,"log-linear",3
"qwk",2,0.0151277356351905,"log-linear",3
"eqwk",2,0.984872264364809,"log-linear",3
"acc",3,0.981397459165154,"log-linear",3
"binacc",3,0.981397459165154,"log-linear",3
"eacc",3,0.0186025408348457,"log-linear",3
"ebinacc",3,0.0186025408348457,"log-linear",3
"nll",3,0.0789567434550383,"log-linear",3
"binnll",3,0.0789567434550383,"log-linear",3
"rps",3,0.0173228515840689,"log-linear",3
"cint",3,-0.0642205372881066,"log-linear",3
"cslope",3,1.18770970333724,"log-linear",3
"brier",3,0.0173228515840689,"log-linear",3
"auc",3,0.806295940791634,"log-linear",3
"eauc",3,0.193704059208366,"log-linear",3
"qwk",3,0.0151277356351905,"log-linear",3
"eqwk",3,0.984872264364809,"log-linear",3
"acc",4,0.981397459165154,"log-linear",3
"binacc",4,0.981397459165154,"log-linear",3
"eacc",4,0.0186025408348457,"log-linear",3
"ebinacc",4,0.0186025408348457,"log-linear",3
"nll",4,0.0793605897388812,"log-linear",3
"binnll",4,0.0793605897388812,"log-linear",3
"rps",4,0.017375235746207,"log-linear",3
"cint",4,-0.043386431000983,"log-linear",3
"cslope",4,1.17321138000715,"log-linear",3
"brier",4,0.017375235746207,"log-linear",3
"auc",4,0.801720174796029,"log-linear",3
"eauc",4,0.198279825203971,"log-linear",3
"qwk",4,0.0151277356351905,"log-linear",3
"eqwk",4,0.984872264364809,"log-linear",3
"acc",5,0.981397459165154,"log-linear",3
"binacc",5,0.981397459165154,"log-linear",3
"eacc",5,0.0186025408348457,"log-linear",3
"ebinacc",5,0.0186025408348457,"log-linear",3
"nll",5,0.0803641332962005,"log-linear",3
"binnll",5,0.0803641332962005,"log-linear",3
"rps",5,0.0174220843701961,"log-linear",3
"cint",5,-0.10546903153387,"log-linear",3
"cslope",5,1.19798649267172,"log-linear",3
"brier",5,0.0174220843701961,"log-linear",3
"auc",5,0.791085907701634,"log-linear",3
"eauc",5,0.208914092298366,"log-linear",3
"qwk",5,0.0151277356351905,"log-linear",3
"eqwk",5,0.984872264364809,"log-linear",3
"acc",1,0.981246218995765,"trafo",3
"binacc",1,0.981246218995765,"trafo",3
"eacc",1,0.0187537810042347,"trafo",3
"ebinacc",1,0.0187537810042347,"trafo",3
"nll",1,0.0793193240251079,"trafo",3
"binnll",1,0.0793193240251079,"trafo",3
"rps",1,0.0174056894189569,"trafo",3
"cint",1,0.0369366590669842,"trafo",3
"cslope",1,1.14143205774632,"trafo",3
"brier",1,0.0174056894189569,"trafo",3
"auc",1,0.799857283588876,"trafo",3
"eauc",1,0.200142716411124,"trafo",3
"qwk",1,-0.000595557725164619,"trafo",3
"eqwk",1,1.00059555772516,"trafo",3
"acc",2,0.981397459165154,"trafo",3
"binacc",2,0.981397459165154,"trafo",3
"eacc",2,0.0186025408348457,"trafo",3
"ebinacc",2,0.0186025408348457,"trafo",3
"nll",2,0.0792944702993306,"trafo",3
"binnll",2,0.0792944702993306,"trafo",3
"rps",2,0.0173037672150946,"trafo",3
"cint",2,0.00970763529391146,"trafo",3
"cslope",2,1.07446159847436,"trafo",3
"brier",2,0.0173037672150946,"trafo",3
"auc",2,0.802005607618278,"trafo",3
"eauc",2,0.197994392381722,"trafo",3
"qwk",2,0.0151277356351905,"trafo",3
"eqwk",2,0.984872264364809,"trafo",3
"acc",3,0.981397459165154,"trafo",3
"binacc",3,0.981397459165154,"trafo",3
"eacc",3,0.0186025408348457,"trafo",3
"ebinacc",3,0.0186025408348457,"trafo",3
"nll",3,0.0792041987800615,"trafo",3
"binnll",3,0.0792041987800615,"trafo",3
"rps",3,0.0173203567791645,"trafo",3
"cint",3,-0.0127361279111958,"trafo",3
"cslope",3,1.17834477002822,"trafo",3
"brier",3,0.0173203567791645,"trafo",3
"auc",3,0.802462805324711,"trafo",3
"eauc",3,0.197537194675289,"trafo",3
"qwk",3,0.0151277356351905,"trafo",3
"eqwk",3,0.984872264364809,"trafo",3
"acc",4,0.981397459165154,"trafo",3
"binacc",4,0.981397459165154,"trafo",3
"eacc",4,0.0186025408348457,"trafo",3
"ebinacc",4,0.0186025408348457,"trafo",3
"nll",4,0.0796353342300065,"trafo",3
"binnll",4,0.0796353342300065,"trafo",3
"rps",4,0.0173855309365771,"trafo",3
"cint",4,0.0137624064214234,"trafo",3
"cslope",4,1.1573118797758,"trafo",3
"brier",4,0.0173855309365771,"trafo",3
"auc",4,0.797647073682083,"trafo",3
"eauc",4,0.202352926317917,"trafo",3
"qwk",4,0.0151277356351905,"trafo",3
"eqwk",4,0.984872264364809,"trafo",3
"acc",5,0.981246218995765,"trafo",3
"binacc",5,0.981246218995765,"trafo",3
"eacc",5,0.0187537810042347,"trafo",3
"ebinacc",5,0.0187537810042347,"trafo",3
"nll",5,0.0803952973449846,"trafo",3
"binnll",5,0.0803952973449846,"trafo",3
"rps",5,0.0174283473168141,"trafo",3
"cint",5,-0.0382524133898453,"trafo",3
"cslope",5,1.17557919257019,"trafo",3
"brier",5,0.0174283473168141,"trafo",3
"auc",5,0.789015888251787,"trafo",3
"eauc",5,0.210984111748213,"trafo",3
"qwk",5,-0.000595557725164619,"trafo",3
"eqwk",5,1.00059555772516,"trafo",3
"acc",1,0.981246218995765,"avg",3
"binacc",1,0.981246218995765,"avg",3
"eacc",1,0.0187537810042347,"avg",3
"ebinacc",1,0.0187537810042347,"avg",3
"nll",1,0.0793193240251079,"avg",3
"binnll",1,0.0793193240251079,"avg",3
"rps",1,0.0174056894189569,"avg",3
"cint",1,0.0369366590669842,"avg",3
"cslope",1,1.14143205774633,"avg",3
"brier",1,0.0174056894189569,"avg",3
"auc",1,0.799857283588876,"avg",3
"eauc",1,0.200142716411124,"avg",3
"qwk",1,-0.000595557725164619,"avg",3
"eqwk",1,1.00059555772516,"avg",3
"acc",2,0.981246218995765,"avg",3
"binacc",2,0.981246218995765,"avg",3
"eacc",2,0.0187537810042347,"avg",3
"ebinacc",2,0.0187537810042347,"avg",3
"nll",2,0.080251328639369,"avg",3
"binnll",2,0.080251328639369,"avg",3
"rps",2,0.0174253185689539,"avg",3
"cint",2,-0.0357645078748246,"avg",3
"cslope",2,1.01620837915914,"avg",3
"brier",2,0.0174253185689539,"avg",3
"auc",2,0.79403622218293,"avg",3
"eauc",2,0.20596377781707,"avg",3
"qwk",2,0.00706159508590687,"avg",3
"eqwk",2,0.992938404914093,"avg",3
"acc",3,0.981296632385562,"avg",3
"binacc",3,0.981296632385562,"avg",3
"eacc",3,0.0187033676144384,"avg",3
"ebinacc",3,0.0187033676144384,"avg",3
"nll",3,0.080221147145235,"avg",3
"binnll",3,0.080221147145235,"avg",3
"rps",3,0.0174095639055154,"avg",3
"cint",3,-0.0575368774431885,"avg",3
"cslope",3,1.12237902607442,"avg",3
"brier",3,0.0174095639055154,"avg",3
"auc",3,0.794592353094715,"avg",3
"eauc",3,0.205407646905285,"avg",3
"qwk",3,0.00460769299435941,"avg",3
"eqwk",3,0.995392307005641,"avg",3
"acc",4,0.98132183908046,"avg",3
"binacc",4,0.98132183908046,"avg",3
"eacc",4,0.0186781609195402,"avg",3
"ebinacc",4,0.0186781609195402,"avg",3
"nll",4,0.0807271908307383,"avg",3
"binnll",4,0.0807271908307383,"avg",3
"rps",4,0.0174611557585403,"avg",3
"cint",4,-0.0366931184091235,"avg",3
"cslope",4,1.08296495489134,"avg",3
"brier",4,0.0174611557585403,"avg",3
"auc",4,0.787930043699007,"avg",3
"eauc",4,0.212069956300993,"avg",3
"qwk",4,0.00723770365456719,"avg",3
"eqwk",4,0.992762296345433,"avg",3
"acc",5,0.981306715063521,"avg",3
"binacc",5,0.981306715063521,"avg",3
"eacc",5,0.018693284936479,"avg",3
"ebinacc",5,0.018693284936479,"avg",3
"nll",5,0.0817326263996084,"avg",3
"binnll",5,0.0817326263996084,"avg",3
"rps",5,0.0175163114337793,"avg",3
"cint",5,-0.09255548435112,"avg",3
"cslope",5,1.08072616422995,"avg",3
"brier",5,0.0175163114337793,"avg",3
"auc",5,0.776072899037611,"avg",3
"eauc",5,0.223927100962389,"avg",3
"qwk",5,0.00567105137862083,"avg",3
"eqwk",5,0.994328948621379,"avg",3
"acc",1,0.983363581367211,"linear",4
"binacc",1,0.983363581367211,"linear",4
"eacc",1,0.0166364186327889,"linear",4
"ebinacc",1,0.0166364186327889,"linear",4
"nll",1,0.0750845208257876,"linear",4
"binnll",1,0.0750845208257876,"linear",4
"rps",1,0.0157520151181971,"linear",4
"cint",1,0.0506592027066538,"linear",4
"cslope",1,1.00337437849789,"linear",4
"brier",1,0.0157520151181971,"linear",4
"auc",1,0.773738150499147,"linear",4
"eauc",1,0.226261849500853,"linear",4
"qwk",1,0,"linear",4
"eqwk",1,1,"linear",4
"acc",2,0.983363581367211,"linear",4
"binacc",2,0.983363581367211,"linear",4
"eacc",2,0.0166364186327889,"linear",4
"ebinacc",2,0.0166364186327889,"linear",4
"nll",2,0.0749678460430351,"linear",4
"binnll",2,0.0749678460430351,"linear",4
"rps",2,0.0157474096398256,"linear",4
"cint",2,-0.00395289799816318,"linear",4
"cslope",2,1.04258811357341,"linear",4
"brier",2,0.0157474096398256,"linear",4
"auc",2,0.774289029948827,"linear",4
"eauc",2,0.225710970051173,"linear",4
"qwk",2,0,"linear",4
"eqwk",2,1,"linear",4
"acc",3,0.983363581367211,"linear",4
"binacc",3,0.983363581367211,"linear",4
"eacc",3,0.0166364186327889,"linear",4
"ebinacc",3,0.0166364186327889,"linear",4
"nll",3,0.0751593865394709,"linear",4
"binnll",3,0.0751593865394709,"linear",4
"rps",3,0.015741639742117,"linear",4
"cint",3,0.00727824112051035,"linear",4
"cslope",3,1.08116108519556,"linear",4
"brier",3,0.015741639742117,"linear",4
"auc",3,0.767545650289421,"linear",4
"eauc",3,0.232454349710579,"linear",4
"qwk",3,0,"linear",4
"eqwk",3,1,"linear",4
"acc",4,0.983363581367211,"linear",4
"binacc",4,0.983363581367211,"linear",4
"eacc",4,0.0166364186327889,"linear",4
"ebinacc",4,0.0166364186327889,"linear",4
"nll",4,0.0744223133697735,"linear",4
"binnll",4,0.0744223133697735,"linear",4
"rps",4,0.0156900558206671,"linear",4
"cint",4,0.0110209648393574,"linear",4
"cslope",4,1.09635030299696,"linear",4
"brier",4,0.0156900558206671,"linear",4
"auc",4,0.778634546013814,"linear",4
"eauc",4,0.221365453986186,"linear",4
"qwk",4,0,"linear",4
"eqwk",4,1,"linear",4
"acc",5,0.983363581367211,"linear",4
"binacc",5,0.983363581367211,"linear",4
"eacc",5,0.0166364186327889,"linear",4
"ebinacc",5,0.0166364186327889,"linear",4
"nll",5,0.0746640997973734,"linear",4
"binnll",5,0.0746640997973734,"linear",4
"rps",5,0.0156987470631569,"linear",4
"cint",5,-0.0575341935163686,"linear",4
"cslope",5,1.14510909452391,"linear",4
"brier",5,0.0156987470631569,"linear",4
"auc",5,0.775330667486927,"linear",4
"eauc",5,0.224669332513073,"linear",4
"qwk",5,0,"linear",4
"eqwk",5,1,"linear",4
"acc",1,0.983363581367211,"log-linear",4
"binacc",1,0.983363581367211,"log-linear",4
"eacc",1,0.0166364186327889,"log-linear",4
"ebinacc",1,0.0166364186327889,"log-linear",4
"nll",1,0.0750845208257876,"log-linear",4
"binnll",1,0.0750845208257876,"log-linear",4
"rps",1,0.0157520151181971,"log-linear",4
"cint",1,0.0506592027066538,"log-linear",4
"cslope",1,1.00337437849789,"log-linear",4
"brier",1,0.0157520151181971,"log-linear",4
"auc",1,0.773738150499147,"log-linear",4
"eauc",1,0.226261849500853,"log-linear",4
"qwk",1,0,"log-linear",4
"eqwk",1,1,"log-linear",4
"acc",2,0.983363581367211,"log-linear",4
"binacc",2,0.983363581367211,"log-linear",4
"eacc",2,0.0166364186327889,"log-linear",4
"ebinacc",2,0.0166364186327889,"log-linear",4
"nll",2,0.0749823890631355,"log-linear",4
"binnll",2,0.0749823890631355,"log-linear",4
"rps",2,0.0157513266212537,"log-linear",4
"cint",2,-0.00615410064875726,"log-linear",4
"cslope",2,1.038627685488,"log-linear",4
"brier",2,0.0157513266212537,"log-linear",4
"auc",2,0.774252677497833,"log-linear",4
"eauc",2,0.225747322502167,"log-linear",4
"qwk",2,0,"log-linear",4
"eqwk",2,1,"log-linear",4
"acc",3,0.983363581367211,"log-linear",4
"binacc",3,0.983363581367211,"log-linear",4
"eacc",3,0.0166364186327889,"log-linear",4
"ebinacc",3,0.0166364186327889,"log-linear",4
"nll",3,0.0751665906843125,"log-linear",4
"binnll",3,0.0751665906843125,"log-linear",4
"rps",3,0.0157432436274558,"log-linear",4
"cint",3,0.00498111954224537,"log-linear",4
"cslope",3,1.07717749653571,"log-linear",4
"brier",3,0.0157432436274558,"log-linear",4
"auc",3,0.767516288694388,"log-linear",4
"eauc",3,0.232483711305612,"log-linear",4
"qwk",3,0,"log-linear",4
"eqwk",3,1,"log-linear",4
"acc",4,0.983212341197822,"log-linear",4
"binacc",4,0.983212341197822,"log-linear",4
"eacc",4,0.0167876588021778,"log-linear",4
"ebinacc",4,0.0167876588021778,"log-linear",4
"nll",4,0.0744616777360482,"log-linear",4
"binnll",4,0.0744616777360482,"log-linear",4
"rps",4,0.0157125667326912,"log-linear",4
"cint",4,0.00696911304884932,"log-linear",4
"cslope",4,1.08467579768262,"log-linear",4
"brier",4,0.0157125667326912,"log-linear",4
"auc",4,0.778666703951232,"log-linear",4
"eauc",4,0.221333296048768,"log-linear",4
"qwk",4,-0.000299845170857127,"log-linear",4
"eqwk",4,1.00029984517086,"log-linear",4
"acc",5,0.983212341197822,"log-linear",4
"binacc",5,0.983212341197822,"log-linear",4
"eacc",5,0.0167876588021778,"log-linear",4
"ebinacc",5,0.0167876588021778,"log-linear",4
"nll",5,0.0746925816807591,"log-linear",4
"binnll",5,0.0746925816807591,"log-linear",4
"rps",5,0.0157162825772009,"log-linear",4
"cint",5,-0.0615173952620903,"log-linear",4
"cslope",5,1.1339064957973,"log-linear",4
"brier",5,0.0157162825772009,"log-linear",4
"auc",5,0.775348843712424,"log-linear",4
"eauc",5,0.224651156287576,"log-linear",4
"qwk",5,-0.000299845170857127,"log-linear",4
"eqwk",5,1.00029984517086,"log-linear",4
"acc",1,0.983363581367211,"trafo",4
"binacc",1,0.983363581367211,"trafo",4
"eacc",1,0.0166364186327889,"trafo",4
"ebinacc",1,0.0166364186327889,"trafo",4
"nll",1,0.0750845208257876,"trafo",4
"binnll",1,0.0750845208257876,"trafo",4
"rps",1,0.0157520151181971,"trafo",4
"cint",1,0.0506592027066537,"trafo",4
"cslope",1,1.00337437849789,"trafo",4
"brier",1,0.0157520151181971,"trafo",4
"auc",1,0.773738150499147,"trafo",4
"eauc",1,0.226261849500853,"trafo",4
"qwk",1,0,"trafo",4
"eqwk",1,1,"trafo",4
"acc",2,0.983363581367211,"trafo",4
"binacc",2,0.983363581367211,"trafo",4
"eacc",2,0.0166364186327889,"trafo",4
"ebinacc",2,0.0166364186327889,"trafo",4
"nll",2,0.0747741531667919,"trafo",4
"binnll",2,0.0747741531667919,"trafo",4
"rps",2,0.0157314711747316,"trafo",4
"cint",2,0.0334725213292784,"trafo",4
"cslope",2,1.05350063062253,"trafo",4
"brier",2,0.0157314711747316,"trafo",4
"auc",2,0.776305192807807,"trafo",4
"eauc",2,0.223694807192193,"trafo",4
"qwk",2,0,"trafo",4
"eqwk",2,1,"trafo",4
"acc",3,0.983363581367211,"trafo",4
"binacc",3,0.983363581367211,"trafo",4
"eacc",3,0.0166364186327889,"trafo",4
"ebinacc",3,0.0166364186327889,"trafo",4
"nll",3,0.075037217389085,"trafo",4
"binnll",3,0.075037217389085,"trafo",4
"rps",3,0.0157364469164027,"trafo",4
"cint",3,0.0475294191390508,"trafo",4
"cslope",3,1.09041479963816,"trafo",4
"brier",3,0.0157364469164027,"trafo",4
"auc",3,0.769138167277201,"trafo",4
"eauc",3,0.230861832722799,"trafo",4
"qwk",3,0,"trafo",4
"eqwk",3,1,"trafo",4
"acc",4,0.983363581367211,"trafo",4
"binacc",4,0.983363581367211,"trafo",4
"eacc",4,0.0166364186327889,"trafo",4
"ebinacc",4,0.0166364186327889,"trafo",4
"nll",4,0.0745424716281276,"trafo",4
"binnll",4,0.0745424716281276,"trafo",4
"rps",4,0.0157135994535796,"trafo",4
"cint",4,0.0577236004023257,"trafo",4
"cslope",4,1.0879846605119,"trafo",4
"brier",4,0.0157135994535796,"trafo",4
"auc",4,0.777562148709488,"trafo",4
"eauc",4,0.222437851290512,"trafo",4
"qwk",4,0,"trafo",4
"eqwk",4,1,"trafo",4
"acc",5,0.983363581367211,"trafo",4
"binacc",5,0.983363581367211,"trafo",4
"eacc",5,0.0166364186327889,"trafo",4
"ebinacc",5,0.0166364186327889,"trafo",4
"nll",5,0.0746790214778583,"trafo",4
"binnll",5,0.0746790214778583,"trafo",4
"rps",5,0.0157189228969985,"trafo",4
"cint",5,-0.000882877160030918,"trafo",4
"cslope",5,1.12904237205338,"trafo",4
"brier",5,0.0157189228969985,"trafo",4
"auc",5,0.775340454685272,"trafo",4
"eauc",5,0.224659545314728,"trafo",4
"qwk",5,0,"trafo",4
"eqwk",5,1,"trafo",4
"acc",1,0.983363581367211,"avg",4
"binacc",1,0.983363581367211,"avg",4
"eacc",1,0.0166364186327889,"avg",4
"ebinacc",1,0.0166364186327889,"avg",4
"nll",1,0.0750845208257876,"avg",4
"binnll",1,0.0750845208257876,"avg",4
"rps",1,0.0157520151181971,"avg",4
"cint",1,0.0506592027066538,"avg",4
"cslope",1,1.00337437849789,"avg",4
"brier",1,0.0157520151181971,"avg",4
"auc",1,0.773738150499147,"avg",4
"eauc",1,0.226261849500853,"avg",4
"qwk",1,0,"avg",4
"eqwk",1,1,"avg",4
"acc",2,0.983287961282517,"avg",4
"binacc",2,0.983287961282517,"avg",4
"eacc",2,0.0167120387174833,"avg",4
"ebinacc",2,0.0167120387174833,"avg",4
"nll",2,0.0754310017860418,"avg",4
"binnll",2,0.0754310017860418,"avg",4
"rps",2,0.0158067438178106,"avg",4
"cint",2,-0.00278324497392801,"avg",4
"cslope",2,0.98411154984727,"avg",4
"brier",2,0.0158067438178106,"avg",4
"auc",2,0.770756550432035,"avg",4
"eauc",2,0.229243449567965,"avg",4
"qwk",2,-0.000149922585428564,"avg",4
"eqwk",2,1.00014992258543,"avg",4
"acc",3,0.983313167977415,"avg",4
"binacc",3,0.983313167977415,"avg",4
"eacc",3,0.0166868320225851,"avg",4
"ebinacc",3,0.0166868320225851,"avg",4
"nll",3,0.0757323729759482,"avg",4
"binnll",3,0.0757323729759482,"avg",4
"rps",3,0.0158037082411408,"avg",4
"cint",3,0.00813422433149558,"avg",4
"cslope",3,1.0098287246026,"avg",4
"brier",3,0.0158037082411408,"avg",4
"auc",3,0.761438904579477,"avg",4
"eauc",3,0.238561095420523,"avg",4
"qwk",3,-9.9948390285709e-05,"avg",4
"eqwk",3,1.00009994839029,"avg",4
"acc",4,0.983325771324864,"avg",4
"binacc",4,0.983325771324864,"avg",4
"eacc",4,0.0166742286751361,"avg",4
"ebinacc",4,0.0166742286751361,"avg",4
"nll",4,0.0753883770377965,"avg",4
"binnll",4,0.0753883770377965,"avg",4
"rps",4,0.0157723884569036,"avg",4
"cint",4,0.0117670634236424,"avg",4
"cslope",4,0.998198030902854,"avg",4
"brier",4,0.0157723884569036,"avg",4
"auc",4,0.765821705209586,"avg",4
"eauc",4,0.234178294790414,"avg",4
"qwk",4,0.00424335072829901,"avg",4
"eqwk",4,0.995756649271701,"avg",4
"acc",5,0.983333333333333,"avg",4
"binacc",5,0.983333333333333,"avg",4
"eacc",5,0.0166666666666666,"avg",4
"ebinacc",5,0.0166666666666666,"avg",4
"nll",5,0.0757325899258536,"avg",4
"binnll",5,0.0757325899258536,"avg",4
"rps",5,0.0157869838833122,"avg",4
"cint",5,-0.0491736726185002,"avg",4
"cslope",5,1.03261575165746,"avg",4
"brier",5,0.0157869838833122,"avg",4
"auc",5,0.762638908307933,"avg",4
"eauc",5,0.237361091692067,"avg",4
"qwk",5,0.00339468058263921,"avg",4
"eqwk",5,0.996605319417361,"avg",4
"acc",1,0.982909860859044,"linear",5
"binacc",1,0.982909860859044,"linear",5
"eacc",1,0.0170901391409558,"linear",5
"ebinacc",1,0.0170901391409558,"linear",5
"nll",1,0.0750190685740425,"linear",5
"binnll",1,0.0750190685740425,"linear",5
"rps",1,0.0162575530302682,"linear",5
"cint",1,0.123902348341779,"linear",5
"cslope",1,1.16553515327878,"linear",5
"brier",1,0.0162575530302682,"linear",5
"auc",1,0.811824011045947,"linear",5
"eauc",1,0.188175988954053,"linear",5
"qwk",1,0,"linear",5
"eqwk",1,1,"linear",5
"acc",2,0.982909860859044,"linear",5
"binacc",2,0.982909860859044,"linear",5
"eacc",2,0.0170901391409558,"linear",5
"ebinacc",2,0.0170901391409558,"linear",5
"nll",2,0.073685679651426,"linear",5
"binnll",2,0.073685679651426,"linear",5
"rps",2,0.0161285100171179,"linear",5
"cint",2,0.195074921705225,"linear",5
"cslope",2,1.18750628813734,"linear",5
"brier",2,0.0161285100171179,"linear",5
"auc",2,0.826129819836135,"linear",5
"eauc",2,0.173870180163865,"linear",5
"qwk",2,0,"linear",5
"eqwk",2,1,"linear",5
"acc",3,0.982909860859044,"linear",5
"binacc",3,0.982909860859044,"linear",5
"eacc",3,0.0170901391409558,"linear",5
"ebinacc",3,0.0170901391409558,"linear",5
"nll",3,0.0743009551827343,"linear",5
"binnll",3,0.0743009551827343,"linear",5
"rps",3,0.0161529629881395,"linear",5
"cint",3,0.099417284011532,"linear",5
"cslope",3,1.22937178482509,"linear",5
"brier",3,0.0161529629881395,"linear",5
"auc",3,0.817291155753029,"linear",5
"eauc",3,0.182708844246971,"linear",5
"qwk",3,0,"linear",5
"eqwk",3,1,"linear",5
"acc",4,0.982909860859044,"linear",5
"binacc",4,0.982909860859044,"linear",5
"eacc",4,0.0170901391409558,"linear",5
"ebinacc",4,0.0170901391409558,"linear",5
"nll",4,0.0747694220418791,"linear",5
"binnll",4,0.0747694220418791,"linear",5
"rps",4,0.0161768799180346,"linear",5
"cint",4,0.0686364704940203,"linear",5
"cslope",4,1.20207999219366,"linear",5
"brier",4,0.0161768799180346,"linear",5
"auc",4,0.811036960076908,"linear",5
"eauc",4,0.188963039923092,"linear",5
"qwk",4,0,"linear",5
"eqwk",4,1,"linear",5
"acc",5,0.982909860859044,"linear",5
"binacc",5,0.982909860859044,"linear",5
"eacc",5,0.0170901391409558,"linear",5
"ebinacc",5,0.0170901391409558,"linear",5
"nll",5,0.075613461170091,"linear",5
"binnll",5,0.075613461170091,"linear",5
"rps",5,0.0161995148620367,"linear",5
"cint",5,0.0114611441401124,"linear",5
"cslope",5,1.16135765568223,"linear",5
"brier",5,0.0161995148620367,"linear",5
"auc",5,0.796039417909086,"linear",5
"eauc",5,0.203960582090914,"linear",5
"qwk",5,0,"linear",5
"eqwk",5,1,"linear",5
"acc",1,0.982909860859044,"log-linear",5
"binacc",1,0.982909860859044,"log-linear",5
"eacc",1,0.0170901391409558,"log-linear",5
"ebinacc",1,0.0170901391409558,"log-linear",5
"nll",1,0.0750190685740425,"log-linear",5
"binnll",1,0.0750190685740425,"log-linear",5
"rps",1,0.0162575530302682,"log-linear",5
"cint",1,0.123902348341779,"log-linear",5
"cslope",1,1.16553515327878,"log-linear",5
"brier",1,0.0162575530302682,"log-linear",5
"auc",1,0.811824011045947,"log-linear",5
"eauc",1,0.188175988954053,"log-linear",5
"qwk",1,0,"log-linear",5
"eqwk",1,1,"log-linear",5
"acc",2,0.982909860859044,"log-linear",5
"binacc",2,0.982909860859044,"log-linear",5
"eacc",2,0.0170901391409558,"log-linear",5
"ebinacc",2,0.0170901391409558,"log-linear",5
"nll",2,0.0736839844738979,"log-linear",5
"binnll",2,0.0736839844738979,"log-linear",5
"rps",2,0.016129125040609,"log-linear",5
"cint",2,0.192359403306372,"log-linear",5
"cslope",2,1.18237890751002,"log-linear",5
"brier",2,0.016129125040609,"log-linear",5
"auc",2,0.826169308552575,"log-linear",5
"eauc",2,0.173830691447425,"log-linear",5
"qwk",2,0,"log-linear",5
"eqwk",2,1,"log-linear",5
"acc",3,0.982909860859044,"log-linear",5
"binacc",3,0.982909860859044,"log-linear",5
"eacc",3,0.0170901391409558,"log-linear",5
"ebinacc",3,0.0170901391409558,"log-linear",5
"nll",3,0.0743003255981172,"log-linear",5
"binnll",3,0.0743003255981172,"log-linear",5
"rps",3,0.016153393565312,"log-linear",5
"cint",3,0.0969086018007465,"log-linear",5
"cslope",3,1.22473716018689,"log-linear",5
"brier",3,0.016153393565312,"log-linear",5
"auc",3,0.817273453914625,"log-linear",5
"eauc",3,0.182726546085375,"log-linear",5
"qwk",3,0,"log-linear",5
"eqwk",3,1,"log-linear",5
"acc",4,0.982909860859044,"log-linear",5
"binacc",4,0.982909860859044,"log-linear",5
"eacc",4,0.0170901391409558,"log-linear",5
"ebinacc",4,0.0170901391409558,"log-linear",5
"nll",4,0.0748184364726511,"log-linear",5
"binnll",4,0.0748184364726511,"log-linear",5
"rps",4,0.0161989707414039,"log-linear",5
"cint",4,0.0634731792022387,"log-linear",5
"cslope",4,1.18461742174406,"log-linear",5
"brier",4,0.0161989707414039,"log-linear",5
"auc",4,0.811032875037276,"log-linear",5
"eauc",4,0.188967124962724,"log-linear",5
"qwk",4,0,"log-linear",5
"eqwk",4,1,"log-linear",5
"acc",5,0.982758620689655,"log-linear",5
"binacc",5,0.982758620689655,"log-linear",5
"eacc",5,0.0172413793103449,"log-linear",5
"ebinacc",5,0.0172413793103449,"log-linear",5
"nll",5,0.0756933533918612,"log-linear",5
"binnll",5,0.0756933533918612,"log-linear",5
"rps",5,0.0162381216257236,"log-linear",5
"cint",5,0.00453053509743568,"log-linear",5
"cslope",5,1.13784676314559,"log-linear",5
"brier",5,0.0162381216257236,"log-linear",5
"auc",5,0.796004014232278,"log-linear",5
"eauc",5,0.203995985767722,"log-linear",5
"qwk",5,-0.000299916925665888,"log-linear",5
"eqwk",5,1.00029991692567,"log-linear",5
"acc",1,0.982909860859044,"trafo",5
"binacc",1,0.982909860859044,"trafo",5
"eacc",1,0.0170901391409558,"trafo",5
"ebinacc",1,0.0170901391409558,"trafo",5
"nll",1,0.0750190685740426,"trafo",5
"binnll",1,0.0750190685740426,"trafo",5
"rps",1,0.0162575530302682,"trafo",5
"cint",1,0.123902348341779,"trafo",5
"cslope",1,1.16553515327878,"trafo",5
"brier",1,0.0162575530302682,"trafo",5
"auc",1,0.811824011045947,"trafo",5
"eauc",1,0.188175988954053,"trafo",5
"qwk",1,0,"trafo",5
"eqwk",1,1,"trafo",5
"acc",2,0.982909860859044,"trafo",5
"binacc",2,0.982909860859044,"trafo",5
"eacc",2,0.0170901391409558,"trafo",5
"ebinacc",2,0.0170901391409558,"trafo",5
"nll",2,0.0740613781901057,"trafo",5
"binnll",2,0.0740613781901057,"trafo",5
"rps",2,0.0161422118085395,"trafo",5
"cint",2,0.250812370849011,"trafo",5
"cslope",2,1.18075247167774,"trafo",5
"brier",2,0.0161422118085395,"trafo",5
"auc",2,0.821131093006821,"trafo",5
"eauc",2,0.178868906993179,"trafo",5
"qwk",2,0,"trafo",5
"eqwk",2,1,"trafo",5
"acc",3,0.982909860859044,"trafo",5
"binacc",3,0.982909860859044,"trafo",5
"eacc",3,0.0170901391409558,"trafo",5
"ebinacc",3,0.0170901391409558,"trafo",5
"nll",3,0.0744163974638452,"trafo",5
"binnll",3,0.0744163974638452,"trafo",5
"rps",3,0.0161614378557333,"trafo",5
"cint",3,0.160028557338419,"trafo",5
"cslope",3,1.2210287089192,"trafo",5
"brier",3,0.0161614378557333,"trafo",5
"auc",3,0.816054750424504,"trafo",5
"eauc",3,0.183945249575496,"trafo",5
"qwk",3,0,"trafo",5
"eqwk",3,1,"trafo",5
"acc",4,0.982909860859044,"trafo",5
"binacc",4,0.982909860859044,"trafo",5
"eacc",4,0.0170901391409558,"trafo",5
"ebinacc",4,0.0170901391409558,"trafo",5
"nll",4,0.0748187461643722,"trafo",5
"binnll",4,0.0748187461643722,"trafo",5
"rps",4,0.0161754269376964,"trafo",5
"cint",4,0.133430569175285,"trafo",5
"cslope",4,1.20512596306613,"trafo",5
"brier",4,0.0161754269376964,"trafo",5
"auc",4,0.809871362101998,"trafo",5
"eauc",4,0.190128637898002,"trafo",5
"qwk",4,0,"trafo",5
"eqwk",4,1,"trafo",5
"acc",5,0.982909860859044,"trafo",5
"binacc",5,0.982909860859044,"trafo",5
"eacc",5,0.0170901391409558,"trafo",5
"ebinacc",5,0.0170901391409558,"trafo",5
"nll",5,0.0755862949563581,"trafo",5
"binnll",5,0.0755862949563581,"trafo",5
"rps",5,0.0162032940012884,"trafo",5
"cint",5,0.0853076400316351,"trafo",5
"cslope",5,1.16214038088996,"trafo",5
"brier",5,0.0162032940012884,"trafo",5
"auc",5,0.795543766433774,"trafo",5
"eauc",5,0.204456233566226,"trafo",5
"qwk",5,0,"trafo",5
"eqwk",5,1,"trafo",5
"acc",1,0.982909860859044,"avg",5
"binacc",1,0.982909860859044,"avg",5
"eacc",1,0.0170901391409558,"avg",5
"ebinacc",1,0.0170901391409558,"avg",5
"nll",1,0.0750190685740425,"avg",5
"binnll",1,0.0750190685740425,"avg",5
"rps",1,0.0162575530302682,"avg",5
"cint",1,0.123902348341779,"avg",5
"cslope",1,1.16553515327878,"avg",5
"brier",1,0.0162575530302682,"avg",5
"auc",1,0.811824011045947,"avg",5
"eauc",1,0.188175988954053,"avg",5
"qwk",1,0,"avg",5
"eqwk",1,1,"avg",5
"acc",2,0.982909860859044,"avg",5
"binacc",2,0.982909860859044,"avg",5
"eacc",2,0.0170901391409558,"avg",5
"ebinacc",2,0.0170901391409558,"avg",5
"nll",2,0.0748788621914456,"avg",5
"binnll",2,0.0748788621914456,"avg",5
"rps",2,0.0161963031206999,"avg",5
"cint",2,0.199522627564811,"avg",5
"cslope",2,1.07829461201885,"avg",5
"brier",2,0.0161963031206999,"avg",5
"auc",2,0.809910169978499,"avg",5
"eauc",2,0.190089830021501,"avg",5
"qwk",2,0,"avg",5
"eqwk",2,1,"avg",5
"acc",3,0.982909860859044,"avg",5
"binacc",3,0.982909860859044,"avg",5
"eacc",3,0.0170901391409558,"avg",5
"ebinacc",3,0.0170901391409558,"avg",5
"nll",3,0.0753700376300715,"avg",5
"binnll",3,0.0753700376300715,"avg",5
"rps",3,0.0162207916592691,"avg",5
"cint",3,0.110345173780293,"avg",5
"cslope",3,1.11369871828846,"avg",5
"brier",3,0.0162207916592691,"avg",5
"auc",3,0.803605365200274,"avg",5
"eauc",3,0.196394634799726,"avg",5
"qwk",3,0,"avg",5
"eqwk",3,1,"avg",5
"acc",4,0.982758620689655,"avg",5
"binacc",4,0.982758620689655,"avg",5
"eacc",4,0.0172413793103448,"avg",5
"ebinacc",4,0.0172413793103448,"avg",5
"nll",4,0.0759314866306244,"avg",5
"binnll",4,0.0759314866306244,"avg",5
"rps",4,0.0162906185566464,"avg",5
"cint",4,0.077916838386677,"avg",5
"cslope",4,1.07780080239665,"avg",5
"brier",4,0.0162906185566464,"avg",5
"auc",4,0.795700700039625,"avg",5
"eauc",4,0.204299299960375,"avg",5
"qwk",4,-0.000292480911090964,"avg",5
"eqwk",4,1.00029248091109,"avg",5
"acc",5,0.9826981246219,"avg",5
"binacc",5,0.9826981246219,"avg",5
"eacc",5,0.0173018753781005,"avg",5
"ebinacc",5,0.0173018753781005,"avg",5
"nll",5,0.0769551263804007,"avg",5
"binnll",5,0.0769551263804007,"avg",5
"rps",5,0.0163483457440634,"avg",5
"cint",5,0.0234163160764374,"avg",5
"cslope",5,1.02579820592661,"avg",5
"brier",5,0.0163483457440634,"avg",5
"auc",5,0.7777983542737,"avg",5
"eauc",5,0.2222016457263,"avg",5
"qwk",5,-0.000410935691532988,"avg",5
"eqwk",5,1.00041093569153,"avg",5
"acc",1,0.983363581367211,"linear",6
"binacc",1,0.983363581367211,"linear",6
"eacc",1,0.0166364186327889,"linear",6
"ebinacc",1,0.0166364186327889,"linear",6
"nll",1,0.0728171406687373,"linear",6
"binnll",1,0.0728171406687373,"linear",6
"rps",1,0.0156003757620429,"linear",6
"cint",1,-0.18143764926825,"linear",6
"cslope",1,1.4478981117828,"linear",6
"brier",1,0.0156003757620429,"linear",6
"auc",1,0.807892676379296,"linear",6
"eauc",1,0.192107323620704,"linear",6
"qwk",1,0,"linear",6
"eqwk",1,1,"linear",6
"acc",2,0.983363581367211,"linear",6
"binacc",2,0.983363581367211,"linear",6
"eacc",2,0.0166364186327889,"linear",6
"ebinacc",2,0.0166364186327889,"linear",6
"nll",2,0.0730267524158315,"linear",6
"binnll",2,0.0730267524158315,"linear",6
"rps",2,0.0156198862019822,"linear",6
"cint",2,-0.109401714204307,"linear",6
"cslope",2,1.40913104497102,"linear",6
"brier",2,0.0156198862019822,"linear",6
"auc",2,0.796471015911188,"linear",6
"eauc",2,0.203528984088812,"linear",6
"qwk",2,0,"linear",6
"eqwk",2,1,"linear",6
"acc",3,0.983363581367211,"linear",6
"binacc",3,0.983363581367211,"linear",6
"eacc",3,0.0166364186327889,"linear",6
"ebinacc",3,0.0166364186327889,"linear",6
"nll",3,0.0724308803364791,"linear",6
"binnll",3,0.0724308803364791,"linear",6
"rps",3,0.0155418965125766,"linear",6
"cint",3,-0.0920300631200347,"linear",6
"cslope",3,1.38878490393119,"linear",6
"brier",3,0.0155418965125766,"linear",6
"auc",3,0.800146807975168,"linear",6
"eauc",3,0.199853192024832,"linear",6
"qwk",3,0,"linear",6
"eqwk",3,1,"linear",6
"acc",4,0.983363581367211,"linear",6
"binacc",4,0.983363581367211,"linear",6
"eacc",4,0.0166364186327889,"linear",6
"ebinacc",4,0.0166364186327889,"linear",6
"nll",4,0.0734837529158453,"linear",6
"binnll",4,0.0734837529158453,"linear",6
"rps",4,0.015566864015124,"linear",6
"cint",4,-0.112396704878076,"linear",6
"cslope",4,1.44610685243881,"linear",6
"brier",4,0.015566864015124,"linear",6
"auc",4,0.779667794524762,"linear",6
"eauc",4,0.220332205475238,"linear",6
"qwk",4,0,"linear",6
"eqwk",4,1,"linear",6
"acc",5,0.983363581367211,"linear",6
"binacc",5,0.983363581367211,"linear",6
"eacc",5,0.0166364186327889,"linear",6
"ebinacc",5,0.0166364186327889,"linear",6
"nll",5,0.0743545979813138,"linear",6
"binnll",5,0.0743545979813138,"linear",6
"rps",5,0.0156588957658651,"linear",6
"cint",5,-0.103944348289515,"linear",6
"cslope",5,1.51579750295588,"linear",6
"brier",5,0.0156588957658651,"linear",6
"auc",5,0.770455244540141,"linear",6
"eauc",5,0.229544755459859,"linear",6
"qwk",5,0,"linear",6
"eqwk",5,1,"linear",6
"acc",1,0.983363581367211,"log-linear",6
"binacc",1,0.983363581367211,"log-linear",6
"eacc",1,0.0166364186327889,"log-linear",6
"ebinacc",1,0.0166364186327889,"log-linear",6
"nll",1,0.0728171406687373,"log-linear",6
"binnll",1,0.0728171406687373,"log-linear",6
"rps",1,0.0156003757620429,"log-linear",6
"cint",1,-0.18143764926825,"log-linear",6
"cslope",1,1.4478981117828,"log-linear",6
"brier",1,0.0156003757620429,"log-linear",6
"auc",1,0.807892676379296,"log-linear",6
"eauc",1,0.192107323620704,"log-linear",6
"qwk",1,0,"log-linear",6
"eqwk",1,1,"log-linear",6
"acc",2,0.983363581367211,"log-linear",6
"binacc",2,0.983363581367211,"log-linear",6
"eacc",2,0.0166364186327889,"log-linear",6
"ebinacc",2,0.0166364186327889,"log-linear",6
"nll",2,0.0730233396080051,"log-linear",6
"binnll",2,0.0730233396080051,"log-linear",6
"rps",2,0.015619381311366,"log-linear",6
"cint",2,-0.110444376461531,"log-linear",6
"cslope",2,1.40720370916166,"log-linear",6
"brier",2,0.015619381311366,"log-linear",6
"auc",2,0.79650597019099,"log-linear",6
"eauc",2,0.20349402980901,"log-linear",6
"qwk",2,0,"log-linear",6
"eqwk",2,1,"log-linear",6
"acc",3,0.983363581367211,"log-linear",6
"binacc",3,0.983363581367211,"log-linear",6
"eacc",3,0.0166364186327889,"log-linear",6
"ebinacc",3,0.0166364186327889,"log-linear",6
"nll",3,0.0724245116177327,"log-linear",6
"binnll",3,0.0724245116177327,"log-linear",6
"rps",3,0.015541193695768,"log-linear",6
"cint",3,-0.0939109101770741,"log-linear",6
"cslope",3,1.38483287733997,"log-linear",6
"brier",3,0.015541193695768,"log-linear",6
"auc",3,0.80016778054305,"log-linear",6
"eauc",3,0.19983221945695,"log-linear",6
"qwk",3,0,"log-linear",6
"eqwk",3,1,"log-linear",6
"acc",4,0.983363581367211,"log-linear",6
"binacc",4,0.983363581367211,"log-linear",6
"eacc",4,0.0166364186327889,"log-linear",6
"ebinacc",4,0.0166364186327889,"log-linear",6
"nll",4,0.0734765820424526,"log-linear",6
"binnll",4,0.0734765820424526,"log-linear",6
"rps",4,0.0155640847967655,"log-linear",6
"cint",4,-0.115031483637013,"log-linear",6
"cslope",4,1.4409924876954,"log-linear",6
"brier",4,0.0155640847967655,"log-linear",6
"auc",4,0.779611867677078,"log-linear",6
"eauc",4,0.220388132322922,"log-linear",6
"qwk",4,0,"log-linear",6
"eqwk",4,1,"log-linear",6
"acc",5,0.983363581367211,"log-linear",6
"binacc",5,0.983363581367211,"log-linear",6
"eacc",5,0.0166364186327889,"log-linear",6
"ebinacc",5,0.0166364186327889,"log-linear",6
"nll",5,0.074329761479548,"log-linear",6
"binnll",5,0.074329761479548,"log-linear",6
"rps",5,0.0156531758377113,"log-linear",6
"cint",5,-0.106904216816513,"log-linear",6
"cslope",5,1.50952459316728,"log-linear",6
"brier",5,0.0156531758377113,"log-linear",6
"auc",5,0.770479013450407,"log-linear",6
"eauc",5,0.229520986549593,"log-linear",6
"qwk",5,0,"log-linear",6
"eqwk",5,1,"log-linear",6
"acc",1,0.983363581367211,"trafo",6
"binacc",1,0.983363581367211,"trafo",6
"eacc",1,0.0166364186327889,"trafo",6
"ebinacc",1,0.0166364186327889,"trafo",6
"nll",1,0.0728171406687373,"trafo",6
"binnll",1,0.0728171406687373,"trafo",6
"rps",1,0.0156003757620429,"trafo",6
"cint",1,-0.18143764926825,"trafo",6
"cslope",1,1.44789811178281,"trafo",6
"brier",1,0.0156003757620429,"trafo",6
"auc",1,0.807892676379296,"trafo",6
"eauc",1,0.192107323620704,"trafo",6
"qwk",1,0,"trafo",6
"eqwk",1,1,"trafo",6
"acc",2,0.983363581367211,"trafo",6
"binacc",2,0.983363581367211,"trafo",6
"eacc",2,0.0166364186327889,"trafo",6
"ebinacc",2,0.0166364186327889,"trafo",6
"nll",2,0.0734014434399119,"trafo",6
"binnll",2,0.0734014434399119,"trafo",6
"rps",2,0.0156281440342937,"trafo",6
"cint",2,-0.0834843869665227,"trafo",6
"cslope",2,1.3673736201772,"trafo",6
"brier",2,0.0156281440342937,"trafo",6
"auc",2,0.790611280445178,"trafo",6
"eauc",2,0.209388719554822,"trafo",6
"qwk",2,0,"trafo",6
"eqwk",2,1,"trafo",6
"acc",3,0.983363581367211,"trafo",6
"binacc",3,0.983363581367211,"trafo",6
"eacc",3,0.0166364186327889,"trafo",6
"ebinacc",3,0.0166364186327889,"trafo",6
"nll",3,0.0730304440014406,"trafo",6
"binnll",3,0.0730304440014406,"trafo",6
"rps",3,0.0155573451224474,"trafo",6
"cint",3,-0.0521870128732922,"trafo",6
"cslope",3,1.33314901986237,"trafo",6
"brier",3,0.0155573451224474,"trafo",6
"auc",3,0.791629149073013,"trafo",6
"eauc",3,0.208370850926987,"trafo",6
"qwk",3,0,"trafo",6
"eqwk",3,1,"trafo",6
"acc",4,0.983363581367211,"trafo",6
"binacc",4,0.983363581367211,"trafo",6
"eacc",4,0.0166364186327889,"trafo",6
"ebinacc",4,0.0166364186327889,"trafo",6
"nll",4,0.0737278170467874,"trafo",6
"binnll",4,0.0737278170467874,"trafo",6
"rps",4,0.0155837373272483,"trafo",6
"cint",4,-0.0441238208734032,"trafo",6
"cslope",4,1.38700909161764,"trafo",6
"brier",4,0.0155837373272483,"trafo",6
"auc",4,0.778027739716451,"trafo",6
"eauc",4,0.221972260283549,"trafo",6
"qwk",4,0,"trafo",6
"eqwk",4,1,"trafo",6
"acc",5,0.983363581367211,"trafo",6
"binacc",5,0.983363581367211,"trafo",6
"eacc",5,0.0166364186327889,"trafo",6
"ebinacc",5,0.0166364186327889,"trafo",6
"nll",5,0.0747489365915423,"trafo",6
"binnll",5,0.0747489365915423,"trafo",6
"rps",5,0.0157094465930082,"trafo",6
"cint",5,-0.0245697918469038,"trafo",6
"cslope",5,1.4554048997725,"trafo",6
"brier",5,0.0157094465930082,"trafo",6
"auc",5,0.765540672799978,"trafo",6
"eauc",5,0.234459327200022,"trafo",6
"qwk",5,0,"trafo",6
"eqwk",5,1,"trafo",6
"acc",1,0.983363581367211,"avg",6
"binacc",1,0.983363581367211,"avg",6
"eacc",1,0.0166364186327889,"avg",6
"ebinacc",1,0.0166364186327889,"avg",6
"nll",1,0.0728171406687373,"avg",6
"binnll",1,0.0728171406687373,"avg",6
"rps",1,0.0156003757620429,"avg",6
"cint",1,-0.18143764926825,"avg",6
"cslope",1,1.4478981117828,"avg",6
"brier",1,0.0156003757620429,"avg",6
"auc",1,0.807892676379296,"avg",6
"eauc",1,0.192107323620704,"avg",6
"qwk",1,0,"avg",6
"eqwk",1,1,"avg",6
"acc",2,0.983363581367211,"avg",6
"binacc",2,0.983363581367211,"avg",6
"eacc",2,0.0166364186327889,"avg",6
"ebinacc",2,0.0166364186327889,"avg",6
"nll",2,0.0738934390640474,"avg",6
"binnll",2,0.0738934390640474,"avg",6
"rps",2,0.0156537994427419,"avg",6
"cint",2,-0.106862158254151,"avg",6
"cslope",2,1.30143883202156,"avg",6
"brier",2,0.0156537994427419,"avg",6
"auc",2,0.791511003607282,"avg",6
"eauc",2,0.208488996392718,"avg",6
"qwk",2,0,"avg",6
"eqwk",2,1,"avg",6
"acc",3,0.983363581367211,"avg",6
"binacc",3,0.983363581367211,"avg",6
"eacc",3,0.0166364186327889,"avg",6
"ebinacc",3,0.0166364186327889,"avg",6
"nll",3,0.0737760928042837,"avg",6
"binnll",3,0.0737760928042837,"avg",6
"rps",3,0.0156000338561856,"avg",6
"cint",3,-0.0900908591941869,"avg",6
"cslope",3,1.23733596302738,"avg",6
"brier",3,0.0156000338561856,"avg",6
"auc",3,0.791570891940009,"avg",6
"eauc",3,0.208429108059991,"avg",6
"qwk",3,0,"avg",6
"eqwk",3,1,"avg",6
"acc",4,0.983363581367211,"avg",6
"binacc",4,0.983363581367211,"avg",6
"eacc",4,0.0166364186327889,"avg",6
"ebinacc",4,0.0166364186327889,"avg",6
"nll",4,0.0749974706408322,"avg",6
"binnll",4,0.0749974706408322,"avg",6
"rps",4,0.0156517329968793,"avg",6
"cint",4,-0.110536530265066,"avg",6
"cslope",4,1.1966961217391,"avg",6
"brier",4,0.0156517329968793,"avg",6
"auc",4,0.770025656441375,"avg",6
"eauc",4,0.229974343558625,"avg",6
"qwk",4,0,"avg",6
"eqwk",4,1,"avg",6
"acc",5,0.983363581367211,"avg",6
"binacc",5,0.983363581367211,"avg",6
"eacc",5,0.0166364186327888,"avg",6
"ebinacc",5,0.0166364186327888,"avg",6
"nll",5,0.0762097871157123,"avg",6
"binnll",5,0.0762097871157123,"avg",6
"rps",5,0.0157544595914798,"avg",6
"cint",5,-0.102543862202302,"avg",6
"cslope",5,1.16374492349621,"avg",6
"brier",5,0.0157544595914798,"avg",6
"auc",5,0.753852520902659,"avg",6
"eauc",5,0.246147479097341,"avg",6
"qwk",5,0,"avg",6
"eqwk",5,1,"avg",6
